position,asin,sponsored,badges,title,link,link_clean,serpapi_link,thumbnail,rating,reviews,price,extracted_price,old_price,extracted_old_price,save_with_coupon,specs,delivery,climate_pledge_friendly,sustainability_features,bought_last_month,stock,more_buying_choices,more_buying_choices_link,variants,options,options_link,customizable,offers,scrape_date
1,B0GVRCGTMT,True,['Limited time deal'],"MALLRACE Laptop,18.5 Inch Laptops Computer with 8000 mAh Battery,AMD Ryzen 4300U (up to 3.7GHz),16GB DDR4 RAM 512GB SSD,WiFi,Dual Type-C,2026 Windows 11 Laptops for Business Office Student",https://www.amazon.com/sspa/click?ie=UTF8&spc=MTo2NDIzOTkzMzMyNjU4NTgyOjE3Nzc4NjE0Nzk6c3BfYXRmOjMwMTI0NDUxMDU5NjIwMjo6MDo6&url=%2FMALLRACE-Laptops-Computer-Battery-Business%2Fdp%2FB0GVRCGTMT%2Fref%3Dsr_1_1_sspa%3Fdib%3DeyJ2IjoiMSJ9.lwZ-bi30GTTDcQuB3vGa_fA7HTraCSNupN6lRUgv4_LmW_jzi8r3B6Azkp1nrzj5QMErdYaoapRz6oqEkGG0va9DvMHaxsdBVWwPWqRn91cn3MPtswHPcSJnzmO6DFpypeCnLKrHPEA9nyUAgraGIXPWClItjAR63Yg9J97BfygtwmfevYwXE-MymovBVhLhx30TE88JSLpEYW3kzVxu62gK3wHCrYGnbNIAXnEHMfs.2d0StJMZDon6rHyKECQfT8pCizbdlyA8H4yJWbWDvgY%26dib_tag%3Dse%26keywords%3Dlaptop%26qid%3D1777861479%26sr%3D8-1-spons%26sp_csd%3Dd2lkZ2V0TmFtZT1zcF9hdGY%26psc%3D1,https://www.amazon.com/dp/B0GVRCGTMT/,https://serpapi.com/search.json?amazon_domain=amazon.com&asin=B0GVRCGTMT&device=desktop&engine=amazon_product,https://m.media-amazon.com/images/I/71ipTNobPHL._AC_UY218_.jpg,4.8,34.0,$469.99,469.99,"$1,299.99",1299.99,Save 10% with coupon,"{'display_size': '18.5 inches', 'disk_size': '512 GB', 'ram': '16 GB', 'operating_system': 'Windows 11'}","['FREE delivery Fri, May 8', 'Or fastest delivery Wed, May 6']",True,"[{'position': 1, 'name': 'Recycled materials', 'snippet': 'Contains at least 50% recycled material.', 'thumbnail': 'https://m.media-amazon.com/images/I/51IhSrucIyL._SS200_.png', 'certified_by': 'Global Recycled Standard', 'certified_info': 'Global Recycled Standard (GRS) certified products contain recycled content that has been independently verified at each stage of the supply chain, from the source to the final product and meet social, environmental, and chemical requirements. The purchase of Global Recycled Standard (GRS) certified products supports the use of recycled content in the supply chain. A product must contain at least 50% certified GRS material to qualify for inclusion in Climate Pledge Friendly.'}, {'position': 2, 'name': 'Safer chemicals', 'snippet': 'Made with chemicals safer for human health and the environment.', 'thumbnail': 'https://m.media-amazon.com/images/I/51IhSrucIyL._SS200_.png', 'certified_by': 'Global Recycled Standard', 'certified_info': 'Global Recycled Standard (GRS) certified products contain recycled content that has been independently verified at each stage of the supply chain, from the source to the final product and meet social, environmental, and chemical requirements. The purchase of Global Recycled Standard (GRS) certified products supports the use of recycled content in the supply chain. A product must contain at least 50% certified GRS material to qualify for inclusion in Climate Pledge Friendly.'}, {'position': 3, 'name': 'Worker well-being', 'snippet': 'Manufactured on farms or in facilities that protect the rights and/or health of workers.', 'thumbnail': 'https://m.media-amazon.com/images/I/51IhSrucIyL._SS200_.png', 'certified_by': 'Global Recycled Standard', 'certified_info': 'Global Recycled Standard (GRS) certified products contain recycled content that has been independently verified at each stage of the supply chain, from the source to the final product and meet social, environmental, and chemical requirements. The purchase of Global Recycled Standard (GRS) certified products supports the use of recycled content in the supply chain. A product must contain at least 50% certified GRS material to qualify for inclusion in Climate Pledge Friendly.'}]",,,,,,,,,,2026-05-04
2,B0GWDF51H8,True,['Save 31%'],"HP 17.3"" Touchscreen Laptop for Business, AMD Ryzen 5 7430U (Up to 4.3GHz), Backlit Keyboard, 20GB DDR4 RAM, 512GB SSD, Windows 11 Pro, Wi-Fi 6, HD+ Anti-Glare Display, Fast Charge, AI Copilot, Silver",https://www.amazon.com/sspa/click?ie=UTF8&spc=MTo2NDIzOTkzMzMyNjU4NTgyOjE3Nzc4NjE0Nzk6c3BfYXRmOjMwMTI2NjIyOTYxNDIwMjo6MDo6&url=%2FHP-Touchscreen-Business-Keyboard-Anti-Glare%2Fdp%2FB0GWDF51H8%2Fref%3Dsr_1_2_sspa%3Fdib%3DeyJ2IjoiMSJ9.lwZ-bi30GTTDcQuB3vGa_fA7HTraCSNupN6lRUgv4_LmW_jzi8r3B6Azkp1nrzj5QMErdYaoapRz6oqEkGG0va9DvMHaxsdBVWwPWqRn91cn3MPtswHPcSJnzmO6DFpypeCnLKrHPEA9nyUAgraGIXPWClItjAR63Yg9J97BfygtwmfevYwXE-MymovBVhLhx30TE88JSLpEYW3kzVxu62gK3wHCrYGnbNIAXnEHMfs.2d0StJMZDon6rHyKECQfT8pCizbdlyA8H4yJWbWDvgY%26dib_tag%3Dse%26keywords%3Dlaptop%26qid%3D1777861479%26sr%3D8-2-spons%26sp_csd%3Dd2lkZ2V0TmFtZT1zcF9hdGY%26psc%3D1,https://www.amazon.com/dp/B0GWDF51H8/,https://serpapi.com/search.json?amazon_domain=amazon.com&asin=B0GWDF51H8&device=desktop&engine=amazon_product,https://m.media-amazon.com/images/I/71p95ACWSsL._AC_UY218_.jpg,4.8,8.0,$759.99,759.99,"$1,099.99",1099.99,,"{'display_size': '17.3 inches', 'disk_size': '512 GB', 'ram': '20 GB', 'operating_system': 'Windows 11 Pro'}","['FREE delivery Tue, May 5']",,,New on Amazon in past month,Lowest price in 30 days,,,,,,,,2026-05-04
3,B0947BJ67M,,,"HP 14 Laptop, Intel Celeron N4020, 4 GB RAM, 64 GB Storage, 14-inch Micro-edge HD Display, Windows 11 Home, Thin & Portable, 4K Graphics, One Year of Microsoft 365 (14-dq0040nr, Snowflake White)",https://www.amazon.com/HP-Micro-edge-Microsoft-14-dq0040nr-Snowflake/dp/B0947BJ67M/ref=sr_1_3?dib=eyJ2IjoiMSJ9.lwZ-bi30GTTDcQuB3vGa_fA7HTraCSNupN6lRUgv4_LmW_jzi8r3B6Azkp1nrzj5QMErdYaoapRz6oqEkGG0va9DvMHaxsdBVWwPWqRn91cn3MPtswHPcSJnzmO6DFpypeCnLKrHPEA9nyUAgraGIXPWClItjAR63Yg9J97BfygtwmfevYwXE-MymovBVhLhx30TE88JSLpEYW3kzVxu62gK3wHCrYGnbNIAXnEHMfs.2d0StJMZDon6rHyKECQfT8pCizbdlyA8H4yJWbWDvgY&dib_tag=se&keywords=laptop&qid=1777861479&sr=8-3,https://www.amazon.com/HP-Micro-edge-Microsoft-14-dq0040nr-Snowflake/dp/B0947BJ67M/,https://serpapi.com/search.json?amazon_domain=amazon.com&asin=B0947BJ67M&device=desktop&engine=amazon_product,https://m.media-amazon.com/images/I/815uX7wkOZS._AC_UY218_.jpg,3.9,5500.0,$185.00,185.0,$229.99,229.99,,"{'display_size': '14 inches', 'disk_size': '4 GB', 'ram': '4 GB', 'operating_system': 'Windows 11 S'}","['FREE delivery Mon, May 11', 'Or fastest delivery Tue, May 5']",,,7K+ bought in past month,,$157.00 (49+ used & new offers),https://www.amazon.com/gp/offer-listing/B0947BJ67M/ref=sr_1_3_olp?keywords=laptop&dib_tag=se&dib=eyJ2IjoiMSJ9.lwZ-bi30GTTDcQuB3vGa_fA7HTraCSNupN6lRUgv4_LmW_jzi8r3B6Azkp1nrzj5QMErdYaoapRz6oqEkGG0va9DvMHaxsdBVWwPWqRn91cn3MPtswHPcSJnzmO6DFpypeCnLKrHPEA9nyUAgraGIXPWClItjAR63Yg9J97BfygtwmfevYwXE-MymovBVhLhx30TE88JSLpEYW3kzVxu62gK3wHCrYGnbNIAXnEHMfs.2d0StJMZDon6rHyKECQfT8pCizbdlyA8H4yJWbWDvgY&qid=1777861479&sr=8-3,,,,,,2026-05-04
4,B0GR6KJ72L,,['Overall Pick'],"Apple 2026 MacBook Neo 13-inch Laptop with A18 Pro chip: Built for AI and Apple Intelligence, Liquid Retina Display, 8GB Unified Memory, 256GB SSD Storage, 1080p FaceTime HD Camera; Blush",https://www.amazon.com/Apple-2026-MacBook-13-inch-Laptop/dp/B0GR6KJ72L/ref=sr_1_4?dib=eyJ2IjoiMSJ9.lwZ-bi30GTTDcQuB3vGa_fA7HTraCSNupN6lRUgv4_LmW_jzi8r3B6Azkp1nrzj5QMErdYaoapRz6oqEkGG0va9DvMHaxsdBVWwPWqRn91cn3MPtswHPcSJnzmO6DFpypeCnLKrHPEA9nyUAgraGIXPWClItjAR63Yg9J97BfygtwmfevYwXE-MymovBVhLhx30TE88JSLpEYW3kzVxu62gK3wHCrYGnbNIAXnEHMfs.2d0StJMZDon6rHyKECQfT8pCizbdlyA8H4yJWbWDvgY&dib_tag=se&keywords=laptop&qid=1777861479&sr=8-4,https://www.amazon.com/Apple-2026-MacBook-13-inch-Laptop/dp/B0GR6KJ72L/,https://serpapi.com/search.json?amazon_domain=amazon.com&asin=B0GR6KJ72L&device=desktop&engine=amazon_product,https://m.media-amazon.com/images/I/61MxIxzYvUL._AC_UY218_.jpg,4.7,286.0,$589.99,589.99,,,,"{'display_size': '13 inches', 'disk_size': '256 GB', 'ram': '8 GB', 'operating_system': 'Mac OS'}","['FREE delivery Fri, May 8', 'Or fastest delivery Tomorrow, May 4']",,,4K+ bought in past month,,$560.49 (6 used & new offers),https://www.amazon.com/gp/offer-listing/B0GR6KJ72L/ref=sr_1_4_olp?keywords=laptop&dib_tag=se&dib=eyJ2IjoiMSJ9.lwZ-bi30GTTDcQuB3vGa_fA7HTraCSNupN6lRUgv4_LmW_jzi8r3B6Azkp1nrzj5QMErdYaoapRz6oqEkGG0va9DvMHaxsdBVWwPWqRn91cn3MPtswHPcSJnzmO6DFpypeCnLKrHPEA9nyUAgraGIXPWClItjAR63Yg9J97BfygtwmfevYwXE-MymovBVhLhx30TE88JSLpEYW3kzVxu62gK3wHCrYGnbNIAXnEHMfs.2d0StJMZDon6rHyKECQfT8pCizbdlyA8H4yJWbWDvgY&qid=1777861479&sr=8-4,"{'more_variants': '+3 other colors/patterns', 'more_variants_link': 'https://www.amazon.com/Apple-2026-MacBook-13-inch-Laptop/dp/B0GR6KJ72L/ref=cs_sr_dp_loc?dib=eyJ2IjoiMSJ9.lwZ-bi30GTTDcQuB3vGa_fA7HTraCSNupN6lRUgv4_LmW_jzi8r3B6Azkp1nrzj5QMErdYaoapRz6oqEkGG0va9DvMHaxsdBVWwPWqRn91cn3MPtswHPcSJnzmO6DFpypeCnLKrHPEA9nyUAgraGIXPWClItjAR63Yg9J97BfygtwmfevYwXE-MymovBVhLhx30TE88JSLpEYW3kzVxu62gK3wHCrYGnbNIAXnEHMfs.2d0StJMZDon6rHyKECQfT8pCizbdlyA8H4yJWbWDvgY&dib_tag=se&keywords=laptop&qid=1777861479&sr=8-4'}",,,,,2026-05-04
5,B09SVSBVP1,,,"HP Chromebook 14 Laptop, Intel Celeron N4120, 4 GB RAM, 64 GB eMMC, 14"" HD Display, Chrome OS, Thin Design, 4K Graphics, Long Battery Life, Ash Gray Keyboard (14a-na0226nr, 2022, Mineral Silver)",https://www.amazon.com/HP-Chromebook-Graphics-Keyboard-14a-na0226nr/dp/B09SVSBVP1/ref=sr_1_5_mod_primary_new?dib=eyJ2IjoiMSJ9.lwZ-bi30GTTDcQuB3vGa_fA7HTraCSNupN6lRUgv4_LmW_jzi8r3B6Azkp1nrzj5QMErdYaoapRz6oqEkGG0va9DvMHaxsdBVWwPWqRn91cn3MPtswHPcSJnzmO6DFpypeCnLKrHPEA9nyUAgraGIXPWClItjAR63Yg9J97BfygtwmfevYwXE-MymovBVhLhx30TE88JSLpEYW3kzVxu62gK3wHCrYGnbNIAXnEHMfs.2d0StJMZDon6rHyKECQfT8pCizbdlyA8H4yJWbWDvgY&dib_tag=se&keywords=laptop&qid=1777861479&sbo=RZvfv%2F%2FHxDF%2BO5021pAnSA%3D%3D&sr=8-5,https://www.amazon.com/HP-Chromebook-Graphics-Keyboard-14a-na0226nr/dp/B09SVSBVP1/,https://serpapi.com/search.json?amazon_domain=amazon.com&asin=B09SVSBVP1&device=desktop&engine=amazon_product,https://m.media-amazon.com/images/I/71tXLOE7wIL._AC_UY218_.jpg,4.3,2800.0,$182.90,182.9,,,,"{'display_size': '14 inches', 'disk_size': '64 GB', 'ram': '4 GB', 'operating_system': 'Chrome OS'}",['FREE delivery May 6 - 8'],,,2K+ bought in past month,Only 3 left in stock - order soon.,$140.00 (22+ used & new offers),https://www.amazon.com/gp/offer-listing/B09SVSBVP1/ref=sr_1_5_olp?keywords=laptop&dib_tag=se&dib=eyJ2IjoiMSJ9.lwZ-bi30GTTDcQuB3vGa_fA7HTraCSNupN6lRUgv4_LmW_jzi8r3B6Azkp1nrzj5QMErdYaoapRz6oqEkGG0va9DvMHaxsdBVWwPWqRn91cn3MPtswHPcSJnzmO6DFpypeCnLKrHPEA9nyUAgraGIXPWClItjAR63Yg9J97BfygtwmfevYwXE-MymovBVhLhx30TE88JSLpEYW3kzVxu62gK3wHCrYGnbNIAXnEHMfs.2d0StJMZDon6rHyKECQfT8pCizbdlyA8H4yJWbWDvgY&qid=1777861479&sr=8-5,,,,,,2026-05-04
6,B0GR1JTFP8,,,"Apple 2026 MacBook Air 13-inch Laptop with M5 chip: Built for AI, 13.6-inch Liquid Retina Display, 16GB Unified Memory, 512GB SSD, 12MP Center Stage Camera, Touch ID, Wi-Fi 7; Midnight",https://www.amazon.com/Apple-2026-MacBook-13-inch-Laptop/dp/B0GR1JTFP8/ref=sr_1_6?dib=eyJ2IjoiMSJ9.lwZ-bi30GTTDcQuB3vGa_fA7HTraCSNupN6lRUgv4_LmW_jzi8r3B6Azkp1nrzj5QMErdYaoapRz6oqEkGG0va9DvMHaxsdBVWwPWqRn91cn3MPtswHPcSJnzmO6DFpypeCnLKrHPEA9nyUAgraGIXPWClItjAR63Yg9J97BfygtwmfevYwXE-MymovBVhLhx30TE88JSLpEYW3kzVxu62gK3wHCrYGnbNIAXnEHMfs.2d0StJMZDon6rHyKECQfT8pCizbdlyA8H4yJWbWDvgY&dib_tag=se&keywords=laptop&qid=1777861479&sr=8-6,https://www.amazon.com/Apple-2026-MacBook-13-inch-Laptop/dp/B0GR1JTFP8/,https://serpapi.com/search.json?amazon_domain=amazon.com&asin=B0GR1JTFP8&device=desktop&engine=amazon_product,https://m.media-amazon.com/images/I/71pkfQGcMKL._AC_UY218_.jpg,4.7,241.0,$949.99,949.99,"$1,099.00",1099.0,,"{'display_size': '13.6 inches', 'disk_size': '512 GB', 'ram': '16 GB', 'operating_system': 'Mac OS'}","['FREE delivery Fri, May 8', 'Or fastest delivery Tue, May 5']",,,8K+ bought in past month,,$902.49 (7+ used & new offers),https://www.amazon.com/gp/offer-listing/B0GR1JTFP8/ref=sr_1_6_olp?keywords=laptop&dib_tag=se&dib=eyJ2IjoiMSJ9.lwZ-bi30GTTDcQuB3vGa_fA7HTraCSNupN6lRUgv4_LmW_jzi8r3B6Azkp1nrzj5QMErdYaoapRz6oqEkGG0va9DvMHaxsdBVWwPWqRn91cn3MPtswHPcSJnzmO6DFpypeCnLKrHPEA9nyUAgraGIXPWClItjAR63Yg9J97BfygtwmfevYwXE-MymovBVhLhx30TE88JSLpEYW3kzVxu62gK3wHCrYGnbNIAXnEHMfs.2d0StJMZDon6rHyKECQfT8pCizbdlyA8H4yJWbWDvgY&qid=1777861479&sr=8-6,,3 capacities,https://www.amazon.com/Apple-2026-MacBook-13-inch-Laptop/dp/B0GR1JTFP8/ref=vo_sr_l_dp?dib=eyJ2IjoiMSJ9.lwZ-bi30GTTDcQuB3vGa_fA7HTraCSNupN6lRUgv4_LmW_jzi8r3B6Azkp1nrzj5QMErdYaoapRz6oqEkGG0va9DvMHaxsdBVWwPWqRn91cn3MPtswHPcSJnzmO6DFpypeCnLKrHPEA9nyUAgraGIXPWClItjAR63Yg9J97BfygtwmfevYwXE-MymovBVhLhx30TE88JSLpEYW3kzVxu62gK3wHCrYGnbNIAXnEHMfs.2d0StJMZDon6rHyKECQfT8pCizbdlyA8H4yJWbWDvgY&dib_tag=se&keywords=laptop&qid=1777861479&sr=8-6,,,2026-05-04
7,B0GR8CS9BG,True,,"Customized Laptop, Made with HP Essential 17 Business Laptop, 17.3"" HD+ Touchscreen Display, Intel i7-1355U, 16GB / 64GB RAM, 1TB / 2TB SSD, HDMI, Backlit Keyboard, FP Reader, Wi-Fi 6, Win 11 Pro",https://www.amazon.com/sspa/click?ie=UTF8&spc=MTo2NDIzOTkzMzMyNjU4NTgyOjE3Nzc4NjE0Nzk6c3BfbXRmOjMwMTIyODk3NDI2MzAwMjo6MDo6&url=%2FCustomized-Essential-Business-Touchscreen-i7-1355U%2Fdp%2FB0GR8CS9BG%2Fref%3Dsr_1_7_sspa%3Fdib%3DeyJ2IjoiMSJ9.lwZ-bi30GTTDcQuB3vGa_fA7HTraCSNupN6lRUgv4_LmW_jzi8r3B6Azkp1nrzj5QMErdYaoapRz6oqEkGG0va9DvMHaxsdBVWwPWqRn91cn3MPtswHPcSJnzmO6DFpypeCnLKrHPEA9nyUAgraGIXPWClItjAR63Yg9J97BfygtwmfevYwXE-MymovBVhLhx30TE88JSLpEYW3kzVxu62gK3wHCrYGnbNIAXnEHMfs.2d0StJMZDon6rHyKECQfT8pCizbdlyA8H4yJWbWDvgY%26dib_tag%3Dse%26keywords%3Dlaptop%26qid%3D1777861479%26sr%3D8-7-spons%26sp_csd%3Dd2lkZ2V0TmFtZT1zcF9tdGY%26psc%3D1,https://www.amazon.com/dp/B0GR8CS9BG/,https://serpapi.com/search.json?amazon_domain=amazon.com&asin=B0GR8CS9BG&device=desktop&engine=amazon_product,https://m.media-amazon.com/images/I/71mw87sOxzL._AC_UY218_.jpg,,,$869.00,869.0,,,,"{'display_size': '17.3 inches', 'disk_size': '2 TB', 'ram': '64 GB', 'operating_system': 'Windows 11 Pro'}","['FREE delivery Tue, May 5']",,,,,,,"{'more_variants': '+1 other color/pattern', 'more_variants_link': 'https://www.amazon.com/sspa/click?ie=UTF8&spc=MTo2NDIzOTkzMzMyNjU4NTgyOjE3Nzc4NjE0Nzk6c3BfbXRmOjMwMTIyODk3NDI2MzAwMjo6MDo6&url=%2FCustomized-Essential-Business-Touchscreen-i7-1355U%2Fdp%2FB0GR8CS9BG%2Fref%3Dsr_1_7_sspa%3Fdib%3DeyJ2IjoiMSJ9.lwZ-bi30GTTDcQuB3vGa_fA7HTraCSNupN6lRUgv4_LmW_jzi8r3B6Azkp1nrzj5QMErdYaoapRz6oqEkGG0va9DvMHaxsdBVWwPWqRn91cn3MPtswHPcSJnzmO6DFpypeCnLKrHPEA9nyUAgraGIXPWClItjAR63Yg9J97BfygtwmfevYwXE-MymovBVhLhx30TE88JSLpEYW3kzVxu62gK3wHCrYGnbNIAXnEHMfs.2d0StJMZDon6rHyKECQfT8pCizbdlyA8H4yJWbWDvgY%26dib_tag%3Dse%26keywords%3Dlaptop%26qid%3D1777861479%26sr%3D8-7-spons%26sp_csd%3Dd2lkZ2V0TmFtZT1zcF9tdGY%26psc%3D1'}",See options,https://www.amazon.com/sspa/click?ie=UTF8&spc=MTo2NDIzOTkzMzMyNjU4NTgyOjE3Nzc4NjE0Nzk6c3BfbXRmOjMwMTIyODk3NDI2MzAwMjo6MDo6&url=%2FCustomized-Essential-Business-Touchscreen-i7-1355U%2Fdp%2FB0GR8CS9BG%2Fref%3Dsr_1_7_so_NOTEBOOK_COMPUTER%3Fdib%3DeyJ2IjoiMSJ9.lwZ-bi30GTTDcQuB3vGa_fA7HTraCSNupN6lRUgv4_LmW_jzi8r3B6Azkp1nrzj5QMErdYaoapRz6oqEkGG0va9DvMHaxsdBVWwPWqRn91cn3MPtswHPcSJnzmO6DFpypeCnLKrHPEA9nyUAgraGIXPWClItjAR63Yg9J97BfygtwmfevYwXE-MymovBVhLhx30TE88JSLpEYW3kzVxu62gK3wHCrYGnbNIAXnEHMfs.2d0StJMZDon6rHyKECQfT8pCizbdlyA8H4yJWbWDvgY%26dib_tag%3Dse%26keywords%3Dlaptop%26qid%3D1777861479%26sr%3D8-7-spons%26sp_csd%3Dd2lkZ2V0TmFtZT1zcF9tdGY%26psc%3D1,True,,2026-05-04
8,B0CZL2SLCJ,,,"HP Stream 14"" HD BrightView Laptop, Intel Celeron N150, 16GB RAM, 288GB Storage (128GB UFS + 160GB Docking Station Set), Intel UHD Graphics, 720p Webcam, Wi-Fi, 1 Year Office 365, Win 11 S, Gold",https://www.amazon.com/HP-Stream-BrightView-N4120-Graphics/dp/B0CZL2SLCJ/ref=sr_1_8?dib=eyJ2IjoiMSJ9.lwZ-bi30GTTDcQuB3vGa_fA7HTraCSNupN6lRUgv4_LmW_jzi8r3B6Azkp1nrzj5QMErdYaoapRz6oqEkGG0va9DvMHaxsdBVWwPWqRn91cn3MPtswHPcSJnzmO6DFpypeCnLKrHPEA9nyUAgraGIXPWClItjAR63Yg9J97BfygtwmfevYwXE-MymovBVhLhx30TE88JSLpEYW3kzVxu62gK3wHCrYGnbNIAXnEHMfs.2d0StJMZDon6rHyKECQfT8pCizbdlyA8H4yJWbWDvgY&dib_tag=se&keywords=laptop&qid=1777861479&sr=8-8,https://www.amazon.com/HP-Stream-BrightView-N4120-Graphics/dp/B0CZL2SLCJ/,https://serpapi.com/search.json?amazon_domain=amazon.com&asin=B0CZL2SLCJ&device=desktop&engine=amazon_product,https://m.media-amazon.com/images/I/71M0XnAX3qL._AC_UY218_.jpg,4.2,1600.0,$359.00,359.0,$549.00,549.0,,"{'display_size': '14 inches', 'disk_size': '128 GB', 'ram': '16 GB', 'operating_system': 'Windows 11 S'}","['FREE delivery Fri, May 8', 'Or fastest delivery Tomorrow, May 4']",,,300+ bought in past month,,$250.00 (3 used & new offers),https://www.amazon.com/gp/offer-listing/B0CZL2SLCJ/ref=sr_1_8_olp?keywords=laptop&dib_tag=se&dib=eyJ2IjoiMSJ9.lwZ-bi30GTTDcQuB3vGa_fA7HTraCSNupN6lRUgv4_LmW_jzi8r3B6Azkp1nrzj5QMErdYaoapRz6oqEkGG0va9DvMHaxsdBVWwPWqRn91cn3MPtswHPcSJnzmO6DFpypeCnLKrHPEA9nyUAgraGIXPWClItjAR63Yg9J97BfygtwmfevYwXE-MymovBVhLhx30TE88JSLpEYW3kzVxu62gK3wHCrYGnbNIAXnEHMfs.2d0StJMZDon6rHyKECQfT8pCizbdlyA8H4yJWbWDvgY&qid=1777861479&sr=8-8,"{'options': [{'position': 1, 'asin': 'B0CZL2SLCJ', 'title': 'Gold', 'link': 'https://www.amazon.com/HP-Stream-BrightView-N4120-Graphics/dp/B0CZL2SLCJ/ref=cs_sr_dp_loc_1?dib=eyJ2IjoiMSJ9.lwZ-bi30GTTDcQuB3vGa_fA7HTraCSNupN6lRUgv4_LmW_jzi8r3B6Azkp1nrzj5QMErdYaoapRz6oqEkGG0va9DvMHaxsdBVWwPWqRn91cn3MPtswHPcSJnzmO6DFpypeCnLKrHPEA9nyUAgraGIXPWClItjAR63Yg9J97BfygtwmfevYwXE-MymovBVhLhx30TE88JSLpEYW3kzVxu62gK3wHCrYGnbNIAXnEHMfs.2d0StJMZDon6rHyKECQfT8pCizbdlyA8H4yJWbWDvgY&dib_tag=se&keywords=laptop&qid=1777861479&sr=8-8'}, {'position': 2, 'asin': 'B0FPD6TTYY', 'title': 'Blue', 'link': 'https://www.amazon.com/HP-Stream-BrightView-N4120-Graphics/dp/B0FPD6TTYY/ref=cs_sr_dp_loc_2?dib=eyJ2IjoiMSJ9.lwZ-bi30GTTDcQuB3vGa_fA7HTraCSNupN6lRUgv4_LmW_jzi8r3B6Azkp1nrzj5QMErdYaoapRz6oqEkGG0va9DvMHaxsdBVWwPWqRn91cn3MPtswHPcSJnzmO6DFpypeCnLKrHPEA9nyUAgraGIXPWClItjAR63Yg9J97BfygtwmfevYwXE-MymovBVhLhx30TE88JSLpEYW3kzVxu62gK3wHCrYGnbNIAXnEHMfs.2d0StJMZDon6rHyKECQfT8pCizbdlyA8H4yJWbWDvgY&dib_tag=se&keywords=laptop&qid=1777861479&sr=8-8'}, {'position': 3, 'asin': 'B0FPDBC6KH', 'title': 'Pink', 'link': 'https://www.amazon.com/HP-Stream-BrightView-N4120-Graphics/dp/B0FPDBC6KH/ref=cs_sr_dp_loc_3?dib=eyJ2IjoiMSJ9.lwZ-bi30GTTDcQuB3vGa_fA7HTraCSNupN6lRUgv4_LmW_jzi8r3B6Azkp1nrzj5QMErdYaoapRz6oqEkGG0va9DvMHaxsdBVWwPWqRn91cn3MPtswHPcSJnzmO6DFpypeCnLKrHPEA9nyUAgraGIXPWClItjAR63Yg9J97BfygtwmfevYwXE-MymovBVhLhx30TE88JSLpEYW3kzVxu62gK3wHCrYGnbNIAXnEHMfs.2d0StJMZDon6rHyKECQfT8pCizbdlyA8H4yJWbWDvgY&dib_tag=se&keywords=laptop&qid=1777861479&sr=8-8'}, {'position': 4, 'asin': 'B0CZKPF2QH', 'title': 'Silver', 'link': 'https://www.amazon.com/HP-Stream-BrightView-N4120-Graphics/dp/B0CZKPF2QH/ref=cs_sr_dp_loc_4?dib=eyJ2IjoiMSJ9.lwZ-bi30GTTDcQuB3vGa_fA7HTraCSNupN6lRUgv4_LmW_jzi8r3B6Azkp1nrzj5QMErdYaoapRz6oqEkGG0va9DvMHaxsdBVWwPWqRn91cn3MPtswHPcSJnzmO6DFpypeCnLKrHPEA9nyUAgraGIXPWClItjAR63Yg9J97BfygtwmfevYwXE-MymovBVhLhx30TE88JSLpEYW3kzVxu62gK3wHCrYGnbNIAXnEHMfs.2d0StJMZDon6rHyKECQfT8pCizbdlyA8H4yJWbWDvgY&dib_tag=se&keywords=laptop&qid=1777861479&sr=8-8'}]}",2 capacities,https://www.amazon.com/HP-Stream-BrightView-N4120-Graphics/dp/B0CZL2SLCJ/ref=vo_sr_l_dp?dib=eyJ2IjoiMSJ9.lwZ-bi30GTTDcQuB3vGa_fA7HTraCSNupN6lRUgv4_LmW_jzi8r3B6Azkp1nrzj5QMErdYaoapRz6oqEkGG0va9DvMHaxsdBVWwPWqRn91cn3MPtswHPcSJnzmO6DFpypeCnLKrHPEA9nyUAgraGIXPWClItjAR63Yg9J97BfygtwmfevYwXE-MymovBVhLhx30TE88JSLpEYW3kzVxu62gK3wHCrYGnbNIAXnEHMfs.2d0StJMZDon6rHyKECQfT8pCizbdlyA8H4yJWbWDvgY&dib_tag=se&keywords=laptop&qid=1777861479&sr=8-8,,,2026-05-04
9,B0D64ZNBX1,,,"Acer CB315-4H-C8XU Chromebook Laptop | Intel Celeron N4500 | 15.6"" Full HD IPS Display | 4GB LPDDR4X | 64GB eMMC | Intel Wi-Fi 6 | DTS Audio | USB Type-C | Chrome OS (Renewed)",https://www.amazon.com/CB315-4H-C8XU-Chromebook-Celeron-Display-LPDDR4X/dp/B0D64ZNBX1/ref=sr_1_9?dib=eyJ2IjoiMSJ9.lwZ-bi30GTTDcQuB3vGa_fA7HTraCSNupN6lRUgv4_LmW_jzi8r3B6Azkp1nrzj5QMErdYaoapRz6oqEkGG0va9DvMHaxsdBVWwPWqRn91cn3MPtswHPcSJnzmO6DFpypeCnLKrHPEA9nyUAgraGIXPWClItjAR63Yg9J97BfygtwmfevYwXE-MymovBVhLhx30TE88JSLpEYW3kzVxu62gK3wHCrYGnbNIAXnEHMfs.2d0StJMZDon6rHyKECQfT8pCizbdlyA8H4yJWbWDvgY&dib_tag=se&keywords=laptop&qid=1777861479&sr=8-9,https://www.amazon.com/CB315-4H-C8XU-Chromebook-Celeron-Display-LPDDR4X/dp/B0D64ZNBX1/,https://serpapi.com/search.json?amazon_domain=amazon.com&asin=B0D64ZNBX1&device=desktop&engine=amazon_product,https://m.media-amazon.com/images/I/71Y8BBXth9L._AC_UY218_.jpg,4.7,32.0,$109.99,109.99,,,,"{'display_size': '15.6 inches', 'disk_size': '64 GB', 'ram': '4 GB', 'operating_system': 'Chrome OS'}",['FREE delivery May 6 - 8'],,,400+ bought in past month,,$87.99 (3+ used & new offers),https://www.amazon.com/gp/offer-listing/B0D64ZNBX1/ref=sr_1_9_olp?keywords=laptop&dib_tag=se&dib=eyJ2IjoiMSJ9.lwZ-bi30GTTDcQuB3vGa_fA7HTraCSNupN6lRUgv4_LmW_jzi8r3B6Azkp1nrzj5QMErdYaoapRz6oqEkGG0va9DvMHaxsdBVWwPWqRn91cn3MPtswHPcSJnzmO6DFpypeCnLKrHPEA9nyUAgraGIXPWClItjAR63Yg9J97BfygtwmfevYwXE-MymovBVhLhx30TE88JSLpEYW3kzVxu62gK3wHCrYGnbNIAXnEHMfs.2d0StJMZDon6rHyKECQfT8pCizbdlyA8H4yJWbWDvgY&qid=1777861479&sr=8-9,,See options,https://www.amazon.com/CB315-4H-C8XU-Chromebook-Celeron-Display-LPDDR4X/dp/B0D64ZNBX1/ref=sr_1_9_so_NOTEBOOK_COMPUTER?dib=eyJ2IjoiMSJ9.lwZ-bi30GTTDcQuB3vGa_fA7HTraCSNupN6lRUgv4_LmW_jzi8r3B6Azkp1nrzj5QMErdYaoapRz6oqEkGG0va9DvMHaxsdBVWwPWqRn91cn3MPtswHPcSJnzmO6DFpypeCnLKrHPEA9nyUAgraGIXPWClItjAR63Yg9J97BfygtwmfevYwXE-MymovBVhLhx30TE88JSLpEYW3kzVxu62gK3wHCrYGnbNIAXnEHMfs.2d0StJMZDon6rHyKECQfT8pCizbdlyA8H4yJWbWDvgY&dib_tag=se&keywords=laptop&qid=1777861479&sr=8-9,,,2026-05-04
10,B0G4V4B1X5,,,"15.6"" Laptop Computer, 8GB RAM 256GB SSD Celeron N4000(up to 2.6GHz) Laptop Win 11 Office Suite FHD IPS sRGB Notebook 2.4G&5G WiFi BT 4.2 HDMI USB 3.0 5000mAh Battery for Home Student Business",https://www.amazon.com/Moxalc-Computer-Celeron-Notebook-Business/dp/B0G4V4B1X5/ref=sr_1_10?dib=eyJ2IjoiMSJ9.lwZ-bi30GTTDcQuB3vGa_fA7HTraCSNupN6lRUgv4_LmW_jzi8r3B6Azkp1nrzj5QMErdYaoapRz6oqEkGG0va9DvMHaxsdBVWwPWqRn91cn3MPtswHPcSJnzmO6DFpypeCnLKrHPEA9nyUAgraGIXPWClItjAR63Yg9J97BfygtwmfevYwXE-MymovBVhLhx30TE88JSLpEYW3kzVxu62gK3wHCrYGnbNIAXnEHMfs.2d0StJMZDon6rHyKECQfT8pCizbdlyA8H4yJWbWDvgY&dib_tag=se&keywords=laptop&qid=1777861479&sr=8-10,https://www.amazon.com/Moxalc-Computer-Celeron-Notebook-Business/dp/B0G4V4B1X5/,https://serpapi.com/search.json?amazon_domain=amazon.com&asin=B0G4V4B1X5&device=desktop&engine=amazon_product,https://m.media-amazon.com/images/I/71OhSL31WUL._AC_UY218_.jpg,3.8,43.0,$219.99,219.99,,,Save 10% with coupon,"{'display_size': '15.6 inches', 'disk_size': '256 GB', 'ram': '8 GB', 'operating_system': 'Win 11 Pro Pre-Installed'}","['FREE delivery Fri, May 8', 'Or fastest delivery Tomorrow, May 4']",,,50+ bought in past month,,,,,,,,,2026-05-04
11,B0G67CQM46,,,"HP 2026 Lightweight Portable Chromebook, 14'' HD IPS Display, Intel Quad-Core N Processor Up to 3.70GHz, 4GB DDR5, 128GB SSD Storage, Ultra-Fast 6th Gen WiFi, Chrome OS, Pastel Silver, Renewed",https://www.amazon.com/HP-Lightweight-Chromebook-14-Ultra-Fast/dp/B0G67CQM46/ref=sr_1_11?dib=eyJ2IjoiMSJ9.lwZ-bi30GTTDcQuB3vGa_fA7HTraCSNupN6lRUgv4_LmW_jzi8r3B6Azkp1nrzj5QMErdYaoapRz6oqEkGG0va9DvMHaxsdBVWwPWqRn91cn3MPtswHPcSJnzmO6DFpypeCnLKrHPEA9nyUAgraGIXPWClItjAR63Yg9J97BfygtwmfevYwXE-MymovBVhLhx30TE88JSLpEYW3kzVxu62gK3wHCrYGnbNIAXnEHMfs.2d0StJMZDon6rHyKECQfT8pCizbdlyA8H4yJWbWDvgY&dib_tag=se&keywords=laptop&qid=1777861479&sr=8-11,https://www.amazon.com/HP-Lightweight-Chromebook-14-Ultra-Fast/dp/B0G67CQM46/,https://serpapi.com/search.json?amazon_domain=amazon.com&asin=B0G67CQM46&device=desktop&engine=amazon_product,https://m.media-amazon.com/images/I/611pzWZp1sL._AC_UY218_.jpg,4.4,86.0,$195.44,195.44,,,,"{'display_size': '14 inches', 'disk_size': '128 GB', 'ram': '4 GB', 'operating_system': 'Chrome OS'}","['FREE delivery Fri, May 8', 'Or fastest delivery Tomorrow, May 4']",,,1K+ bought in past month,Only 6 left in stock - order soon.,$181.29 (33 used & new offers),https://www.amazon.com/gp/offer-listing/B0G67CQM46/ref=sr_1_11_olp?keywords=laptop&dib_tag=se&dib=eyJ2IjoiMSJ9.lwZ-bi30GTTDcQuB3vGa_fA7HTraCSNupN6lRUgv4_LmW_jzi8r3B6Azkp1nrzj5QMErdYaoapRz6oqEkGG0va9DvMHaxsdBVWwPWqRn91cn3MPtswHPcSJnzmO6DFpypeCnLKrHPEA9nyUAgraGIXPWClItjAR63Yg9J97BfygtwmfevYwXE-MymovBVhLhx30TE88JSLpEYW3kzVxu62gK3wHCrYGnbNIAXnEHMfs.2d0StJMZDon6rHyKECQfT8pCizbdlyA8H4yJWbWDvgY&qid=1777861479&sr=8-11,,,,,,2026-05-04
12,B0GRTYYY8X,True,['Limited time deal'],"MALLRACE 17.3 Inch Gaming Laptop,Ryzen 3 4300U (Beat AMD Ryzen 5 3500U,up to 3.7GHz) 16GB DDR4 RAM 512GB SSD Business Laptop with Webcam,Type-C,62.7Wh Battery,Numeric KB,Silver",https://www.amazon.com/sspa/click?ie=UTF8&spc=MTo2NDIzOTkzMzMyNjU4NTgyOjE3Nzc4NjE0Nzk6c3BfbXRmOjMwMTI2OTQ0ODE4MDAwMjo6MDo6&url=%2FMALLRACE-Gaming-Business-Battery-Numeric%2Fdp%2FB0GRTYYY8X%2Fref%3Dsr_1_12_sspa%3Fdib%3DeyJ2IjoiMSJ9.lwZ-bi30GTTDcQuB3vGa_fA7HTraCSNupN6lRUgv4_LmW_jzi8r3B6Azkp1nrzj5QMErdYaoapRz6oqEkGG0va9DvMHaxsdBVWwPWqRn91cn3MPtswHPcSJnzmO6DFpypeCnLKrHPEA9nyUAgraGIXPWClItjAR63Yg9J97BfygtwmfevYwXE-MymovBVhLhx30TE88JSLpEYW3kzVxu62gK3wHCrYGnbNIAXnEHMfs.2d0StJMZDon6rHyKECQfT8pCizbdlyA8H4yJWbWDvgY%26dib_tag%3Dse%26keywords%3Dlaptop%26qid%3D1777861479%26sr%3D8-12-spons%26sp_csd%3Dd2lkZ2V0TmFtZT1zcF9tdGY%26psc%3D1,https://www.amazon.com/dp/B0GRTYYY8X/,https://serpapi.com/search.json?amazon_domain=amazon.com&asin=B0GRTYYY8X&device=desktop&engine=amazon_product,https://m.media-amazon.com/images/I/71pFbJomWqL._AC_UY218_.jpg,5.0,15.0,$409.99,409.99,"$1,699.99",1699.99,,"{'display_size': '15.6 inches', 'disk_size': '512 GB', 'ram': '16 GB', 'operating_system': 'Windows 11 Pro'}","['FREE delivery Sat, May 9', 'Or fastest delivery Tue, May 5']",,,100+ bought in past month,,,,,,,,,2026-05-04
13,B0GWHFLMV6,,['Limited time deal'],"HP 17 Inch Laptop for Business, Office 365 for the Web, 20GB RAM & 512GB SSD, AMD Ryzen 5 7430U 6-Core Processor, FHD IPS Display, Windows 11 Pro, AI Copilot, Full Numeric KB",https://www.amazon.com/HP-Business-Processor-Display-Windows/dp/B0GWHFLMV6/ref=sr_1_13?dib=eyJ2IjoiMSJ9.lwZ-bi30GTTDcQuB3vGa_fA7HTraCSNupN6lRUgv4_LmW_jzi8r3B6Azkp1nrzj5QMErdYaoapRz6oqEkGG0va9DvMHaxsdBVWwPWqRn91cn3MPtswHPcSJnzmO6DFpypeCnLKrHPEA9nyUAgraGIXPWClItjAR63Yg9J97BfygtwmfevYwXE-MymovBVhLhx30TE88JSLpEYW3kzVxu62gK3wHCrYGnbNIAXnEHMfs.2d0StJMZDon6rHyKECQfT8pCizbdlyA8H4yJWbWDvgY&dib_tag=se&keywords=laptop&qid=1777861479&sr=8-13,https://www.amazon.com/HP-Business-Processor-Display-Windows/dp/B0GWHFLMV6/,https://serpapi.com/search.json?amazon_domain=amazon.com&asin=B0GWHFLMV6&device=desktop&engine=amazon_product,https://m.media-amazon.com/images/I/71j5U-I-mHL._AC_UY218_.jpg,5.0,6.0,$659.99,659.99,"$1,259.99",1259.99,,"{'display_size': '17.3 inches', 'disk_size': '512 GB', 'ram': '20 GB', 'operating_system': 'Windows 11 Pro'}","['FREE delivery Tue, May 5']",,,New on Amazon in past month,,,,,,,,,2026-05-04
14,B0FY77GFRN,,,"Lenovo Legion LOQ AI-Powered Gaming Laptop - Intel Core i7-13650HX - 15.6"" FHD IPS Display, 144Hz - GeForce RTX 5050-16GB Memory - 1TB Storage - G-Sync - Luna Grey",https://www.amazon.com/Lenovo-Legion-AI-Powered-Gaming-Laptop/dp/B0FY77GFRN/ref=sr_1_14?dib=eyJ2IjoiMSJ9.lwZ-bi30GTTDcQuB3vGa_fA7HTraCSNupN6lRUgv4_LmW_jzi8r3B6Azkp1nrzj5QMErdYaoapRz6oqEkGG0va9DvMHaxsdBVWwPWqRn91cn3MPtswHPcSJnzmO6DFpypeCnLKrHPEA9nyUAgraGIXPWClItjAR63Yg9J97BfygtwmfevYwXE-MymovBVhLhx30TE88JSLpEYW3kzVxu62gK3wHCrYGnbNIAXnEHMfs.2d0StJMZDon6rHyKECQfT8pCizbdlyA8H4yJWbWDvgY&dib_tag=se&keywords=laptop&qid=1777861479&sr=8-14,https://www.amazon.com/Lenovo-Legion-AI-Powered-Gaming-Laptop/dp/B0FY77GFRN/,https://serpapi.com/search.json?amazon_domain=amazon.com&asin=B0FY77GFRN&device=desktop&engine=amazon_product,https://m.media-amazon.com/images/I/71tdtRCCHbL._AC_UY218_.jpg,4.4,157.0,$899.99,899.99,"$1,189.99",1189.99,,"{'display_size': '15.6 inches', 'disk_size': '1000 GB', 'ram': '16 GB', 'operating_system': 'Windows 11 Home'}","['FREE delivery Fri, May 8', 'Or fastest delivery Tue, May 5']",,,300+ bought in past month,,,,,,,,['Get 1 Month of Xbox GamePass for new users'],2026-05-04
15,B0CZKPF2QH,,,"HP Stream 14"" HD BrightView Laptop, Intel Celeron N150, 16GB RAM, 288GB Storage (128GB UFS + 160GB Docking Station Set), Intel UHD Graphics, 720p Webcam, Wi-Fi, 1 Year Office 365, Win 11 S, Silver",https://www.amazon.com/HP-Stream-BrightView-N4120-Graphics/dp/B0CZKPF2QH/ref=sr_1_15?dib=eyJ2IjoiMSJ9.lwZ-bi30GTTDcQuB3vGa_fA7HTraCSNupN6lRUgv4_LmW_jzi8r3B6Azkp1nrzj5QMErdYaoapRz6oqEkGG0va9DvMHaxsdBVWwPWqRn91cn3MPtswHPcSJnzmO6DFpypeCnLKrHPEA9nyUAgraGIXPWClItjAR63Yg9J97BfygtwmfevYwXE-MymovBVhLhx30TE88JSLpEYW3kzVxu62gK3wHCrYGnbNIAXnEHMfs.2d0StJMZDon6rHyKECQfT8pCizbdlyA8H4yJWbWDvgY&dib_tag=se&keywords=laptop&qid=1777861479&sr=8-15,https://www.amazon.com/HP-Stream-BrightView-N4120-Graphics/dp/B0CZKPF2QH/,https://serpapi.com/search.json?amazon_domain=amazon.com&asin=B0CZKPF2QH&device=desktop&engine=amazon_product,https://m.media-amazon.com/images/I/71bg--zkvSL._AC_UY218_.jpg,4.2,1600.0,$359.00,359.0,$549.00,549.0,,"{'display_size': '14 inches', 'disk_size': '128 GB', 'ram': '16 GB', 'operating_system': 'Windows 11 S'}","['FREE delivery Fri, May 8', 'Or fastest delivery Tomorrow, May 4']",,,,,,,"{'options': [{'position': 1, 'asin': 'B0CZKPF2QH', 'title': 'Silver', 'link': 'https://www.amazon.com/HP-Stream-BrightView-N4120-Graphics/dp/B0CZKPF2QH/ref=cs_sr_dp_loc_1?dib=eyJ2IjoiMSJ9.lwZ-bi30GTTDcQuB3vGa_fA7HTraCSNupN6lRUgv4_LmW_jzi8r3B6Azkp1nrzj5QMErdYaoapRz6oqEkGG0va9DvMHaxsdBVWwPWqRn91cn3MPtswHPcSJnzmO6DFpypeCnLKrHPEA9nyUAgraGIXPWClItjAR63Yg9J97BfygtwmfevYwXE-MymovBVhLhx30TE88JSLpEYW3kzVxu62gK3wHCrYGnbNIAXnEHMfs.2d0StJMZDon6rHyKECQfT8pCizbdlyA8H4yJWbWDvgY&dib_tag=se&keywords=laptop&qid=1777861479&sr=8-15'}, {'position': 2, 'asin': 'B0FPD6TTYY', 'title': 'Blue', 'link': 'https://www.amazon.com/HP-Stream-BrightView-N4120-Graphics/dp/B0FPD6TTYY/ref=cs_sr_dp_loc_2?dib=eyJ2IjoiMSJ9.lwZ-bi30GTTDcQuB3vGa_fA7HTraCSNupN6lRUgv4_LmW_jzi8r3B6Azkp1nrzj5QMErdYaoapRz6oqEkGG0va9DvMHaxsdBVWwPWqRn91cn3MPtswHPcSJnzmO6DFpypeCnLKrHPEA9nyUAgraGIXPWClItjAR63Yg9J97BfygtwmfevYwXE-MymovBVhLhx30TE88JSLpEYW3kzVxu62gK3wHCrYGnbNIAXnEHMfs.2d0StJMZDon6rHyKECQfT8pCizbdlyA8H4yJWbWDvgY&dib_tag=se&keywords=laptop&qid=1777861479&sr=8-15'}, {'position': 3, 'asin': 'B0CZL2SLCJ', 'title': 'Gold', 'link': 'https://www.amazon.com/HP-Stream-BrightView-N4120-Graphics/dp/B0CZL2SLCJ/ref=cs_sr_dp_loc_3?dib=eyJ2IjoiMSJ9.lwZ-bi30GTTDcQuB3vGa_fA7HTraCSNupN6lRUgv4_LmW_jzi8r3B6Azkp1nrzj5QMErdYaoapRz6oqEkGG0va9DvMHaxsdBVWwPWqRn91cn3MPtswHPcSJnzmO6DFpypeCnLKrHPEA9nyUAgraGIXPWClItjAR63Yg9J97BfygtwmfevYwXE-MymovBVhLhx30TE88JSLpEYW3kzVxu62gK3wHCrYGnbNIAXnEHMfs.2d0StJMZDon6rHyKECQfT8pCizbdlyA8H4yJWbWDvgY&dib_tag=se&keywords=laptop&qid=1777861479&sr=8-15'}, {'position': 4, 'asin': 'B0FPDBC6KH', 'title': 'Pink', 'link': 'https://www.amazon.com/HP-Stream-BrightView-N4120-Graphics/dp/B0FPDBC6KH/ref=cs_sr_dp_loc_4?dib=eyJ2IjoiMSJ9.lwZ-bi30GTTDcQuB3vGa_fA7HTraCSNupN6lRUgv4_LmW_jzi8r3B6Azkp1nrzj5QMErdYaoapRz6oqEkGG0va9DvMHaxsdBVWwPWqRn91cn3MPtswHPcSJnzmO6DFpypeCnLKrHPEA9nyUAgraGIXPWClItjAR63Yg9J97BfygtwmfevYwXE-MymovBVhLhx30TE88JSLpEYW3kzVxu62gK3wHCrYGnbNIAXnEHMfs.2d0StJMZDon6rHyKECQfT8pCizbdlyA8H4yJWbWDvgY&dib_tag=se&keywords=laptop&qid=1777861479&sr=8-15'}]}",2 capacities,https://www.amazon.com/HP-Stream-BrightView-N4120-Graphics/dp/B0CZKPF2QH/ref=vo_sr_l_dp?dib=eyJ2IjoiMSJ9.lwZ-bi30GTTDcQuB3vGa_fA7HTraCSNupN6lRUgv4_LmW_jzi8r3B6Azkp1nrzj5QMErdYaoapRz6oqEkGG0va9DvMHaxsdBVWwPWqRn91cn3MPtswHPcSJnzmO6DFpypeCnLKrHPEA9nyUAgraGIXPWClItjAR63Yg9J97BfygtwmfevYwXE-MymovBVhLhx30TE88JSLpEYW3kzVxu62gK3wHCrYGnbNIAXnEHMfs.2d0StJMZDon6rHyKECQfT8pCizbdlyA8H4yJWbWDvgY&dib_tag=se&keywords=laptop&qid=1777861479&sr=8-15,,,2026-05-04
16,B0FN9JLD28,,,"acer Aspire Go 15 AI Ready Laptop | 15.6"" FHD IPS Display | AMD Ryzen 3 7320U | AMD Radeon 610M Graphics | 8GB LPDDR5 | 128GB PCIe SSD | Wi-Fi 6 | Windows 11 Home in S Mode | AG15-21P-R5YG",https://www.amazon.com/acer-Display-Graphics-Windows-AG15-21P-R5YG/dp/B0FN9JLD28/ref=sr_1_16_mod_primary_new?dib=eyJ2IjoiMSJ9.lwZ-bi30GTTDcQuB3vGa_fA7HTraCSNupN6lRUgv4_LmW_jzi8r3B6Azkp1nrzj5QMErdYaoapRz6oqEkGG0va9DvMHaxsdBVWwPWqRn91cn3MPtswHPcSJnzmO6DFpypeCnLKrHPEA9nyUAgraGIXPWClItjAR63Yg9J97BfygtwmfevYwXE-MymovBVhLhx30TE88JSLpEYW3kzVxu62gK3wHCrYGnbNIAXnEHMfs.2d0StJMZDon6rHyKECQfT8pCizbdlyA8H4yJWbWDvgY&dib_tag=se&keywords=laptop&qid=1777861479&sbo=RZvfv%2F%2FHxDF%2BO5021pAnSA%3D%3D&sr=8-16,https://www.amazon.com/acer-Display-Graphics-Windows-AG15-21P-R5YG/dp/B0FN9JLD28/,https://serpapi.com/search.json?amazon_domain=amazon.com&asin=B0FN9JLD28&device=desktop&engine=amazon_product,https://m.media-amazon.com/images/I/71KdVuqcf+L._AC_UY218_.jpg,4.6,75.0,$342.52,342.52,,,,"{'display_size': '15.6 inches', 'disk_size': '128 GB', 'ram': '8 GB', 'operating_system': 'Windows 11 S'}","['FREE delivery May 6 - 8', 'Or fastest delivery Tue, May 5']",True,"[{'position': 1, 'name': 'Energy efficiency', 'snippet': 'Conserves energy compared to similar products.', 'thumbnail': 'https://m.media-amazon.com/images/I/51fOZQEb9mL._SS200_.png', 'certified_by': 'ENERGY STAR', 'certified_info': 'Products that earn the U.S. Environmental Protection Agency’s ENERGY STAR label are independently certified to use less energy than standard models, reducing carbon pollution associated with energy generation and lowering your energy bill. For more information, visit energystar.gov.'}]",,Only 4 left in stock - order soon.,,,,,,,,2026-05-04
17,B0FZ9THFGK,True,,"GEEKOM GeekBook X14 Pro Laptop, 2.2lbs Ultra Thin 14"" 2.8K OLED Laptop Computer, Ultra 9 185H, 32GB LPDDR5x 7500MHz RAM 1TB SSD, Up to 16 Hour, 2X USB4, Fingerprint, Hub, Copilot, Windows 11 Pro",https://www.amazon.com/sspa/click?ie=UTF8&spc=MTo2NDIzOTkzMzMyNjU4NTgyOjE3Nzc4NjE0Nzk6c3BfbXRmOjMwMTI2Mjg3ODA0NDUwMjo6MDo6&url=%2FGEEKOM-GeekBook-Computer-LPDDR5x-Fingerprint%2Fdp%2FB0FZ9THFGK%2Fref%3Dsr_1_17_sspa%3Fdib%3DeyJ2IjoiMSJ9.lwZ-bi30GTTDcQuB3vGa_fA7HTraCSNupN6lRUgv4_LmW_jzi8r3B6Azkp1nrzj5QMErdYaoapRz6oqEkGG0va9DvMHaxsdBVWwPWqRn91cn3MPtswHPcSJnzmO6DFpypeCnLKrHPEA9nyUAgraGIXPWClItjAR63Yg9J97BfygtwmfevYwXE-MymovBVhLhx30TE88JSLpEYW3kzVxu62gK3wHCrYGnbNIAXnEHMfs.2d0StJMZDon6rHyKECQfT8pCizbdlyA8H4yJWbWDvgY%26dib_tag%3Dse%26keywords%3Dlaptop%26qid%3D1777861479%26sr%3D8-17-spons%26sp_csd%3Dd2lkZ2V0TmFtZT1zcF9tdGY%26psc%3D1,https://www.amazon.com/dp/B0FZ9THFGK/,https://serpapi.com/search.json?amazon_domain=amazon.com&asin=B0FZ9THFGK&device=desktop&engine=amazon_product,https://m.media-amazon.com/images/I/7127awbpXBL._AC_UY218_.jpg,4.5,87.0,"$1,249.00",1249.0,,,,"{'display_size': '14 inches', 'disk_size': '1 TB', 'ram': '32 GB', 'operating_system': 'Pre-installed Windows 11 Pro'}","['FREE delivery Fri, May 8', 'Or fastest delivery Wed, May 6']",True,"[{'position': 1, 'name': 'Carbon impact', 'snippet': 'Carbon emissions from the lifecycle of this product were measured, reduced and offset.', 'thumbnail': 'https://m.media-amazon.com/images/I/61sxI+4PZlL._SS200_.png', 'certified_by': 'ClimeCo Certified', 'certified_info': 'ClimeCo certifies products whose carbon emissions have been assessed, verified, decarbonized, and are on a committed path towards continual emissions reductions. Companies may pursue emissions reductions for products through various means such as sustainable manufacturing practices, supply chain sustainability, raw materials innovation, renewable energy use, insetting, sustainable transportation and packaging.'}]",50+ bought in past month,,,,"{'more_variants': '+1 other color/pattern', 'more_variants_link': 'https://www.amazon.com/sspa/click?ie=UTF8&spc=MTo2NDIzOTkzMzMyNjU4NTgyOjE3Nzc4NjE0Nzk6c3BfbXRmOjMwMTI2Mjg3ODA0NDUwMjo6MDo6&url=%2FGEEKOM-GeekBook-Computer-LPDDR5x-Fingerprint%2Fdp%2FB0FZ9THFGK%2Fref%3Dsr_1_17_sspa%3Fdib%3DeyJ2IjoiMSJ9.lwZ-bi30GTTDcQuB3vGa_fA7HTraCSNupN6lRUgv4_LmW_jzi8r3B6Azkp1nrzj5QMErdYaoapRz6oqEkGG0va9DvMHaxsdBVWwPWqRn91cn3MPtswHPcSJnzmO6DFpypeCnLKrHPEA9nyUAgraGIXPWClItjAR63Yg9J97BfygtwmfevYwXE-MymovBVhLhx30TE88JSLpEYW3kzVxu62gK3wHCrYGnbNIAXnEHMfs.2d0StJMZDon6rHyKECQfT8pCizbdlyA8H4yJWbWDvgY%26dib_tag%3Dse%26keywords%3Dlaptop%26qid%3D1777861479%26sr%3D8-17-spons%26sp_csd%3Dd2lkZ2V0TmFtZT1zcF9tdGY%26psc%3D1'}",,,,['Save 5% at checkout'],2026-05-04
18,B0GJ7C5JFW,,,"ASUS 2026 15"" FHD IPS Chromebook, Intel Processor Up to 2.80GHz, 4GB DDR4, 128GB Storage, HDMI, Super-Fast WiFi, Chrome OS, Pastel Silver, Renewed",https://www.amazon.com/ASUS-15-Chromebook-Processor-Super-Fast/dp/B0GJ7C5JFW/ref=sr_1_18?dib=eyJ2IjoiMSJ9.lwZ-bi30GTTDcQuB3vGa_fA7HTraCSNupN6lRUgv4_LmW_jzi8r3B6Azkp1nrzj5QMErdYaoapRz6oqEkGG0va9DvMHaxsdBVWwPWqRn91cn3MPtswHPcSJnzmO6DFpypeCnLKrHPEA9nyUAgraGIXPWClItjAR63Yg9J97BfygtwmfevYwXE-MymovBVhLhx30TE88JSLpEYW3kzVxu62gK3wHCrYGnbNIAXnEHMfs.2d0StJMZDon6rHyKECQfT8pCizbdlyA8H4yJWbWDvgY&dib_tag=se&keywords=laptop&qid=1777861479&sr=8-18,https://www.amazon.com/ASUS-15-Chromebook-Processor-Super-Fast/dp/B0GJ7C5JFW/,https://serpapi.com/search.json?amazon_domain=amazon.com&asin=B0GJ7C5JFW&device=desktop&engine=amazon_product,https://m.media-amazon.com/images/I/51i+cfNtstL._AC_UY218_.jpg,4.7,38.0,$170.99,170.99,,,,"{'display_size': '15 inches', 'disk_size': '128 GB', 'ram': '-', 'operating_system': 'Chrome OS'}","['FREE delivery Fri, May 8', 'Or fastest delivery Tomorrow, May 4']",,,300+ bought in past month,,,,"{'more_variants': '+4 other colors/patterns', 'more_variants_link': 'https://www.amazon.com/ASUS-15-Chromebook-Processor-Super-Fast/dp/B0GJ7C5JFW/ref=cs_sr_dp_loc?dib=eyJ2IjoiMSJ9.lwZ-bi30GTTDcQuB3vGa_fA7HTraCSNupN6lRUgv4_LmW_jzi8r3B6Azkp1nrzj5QMErdYaoapRz6oqEkGG0va9DvMHaxsdBVWwPWqRn91cn3MPtswHPcSJnzmO6DFpypeCnLKrHPEA9nyUAgraGIXPWClItjAR63Yg9J97BfygtwmfevYwXE-MymovBVhLhx30TE88JSLpEYW3kzVxu62gK3wHCrYGnbNIAXnEHMfs.2d0StJMZDon6rHyKECQfT8pCizbdlyA8H4yJWbWDvgY&dib_tag=se&keywords=laptop&qid=1777861479&sr=8-18'}",See options,https://www.amazon.com/ASUS-15-Chromebook-Processor-Super-Fast/dp/B0GJ7C5JFW/ref=sr_1_18_so_NOTEBOOK_COMPUTER?dib=eyJ2IjoiMSJ9.lwZ-bi30GTTDcQuB3vGa_fA7HTraCSNupN6lRUgv4_LmW_jzi8r3B6Azkp1nrzj5QMErdYaoapRz6oqEkGG0va9DvMHaxsdBVWwPWqRn91cn3MPtswHPcSJnzmO6DFpypeCnLKrHPEA9nyUAgraGIXPWClItjAR63Yg9J97BfygtwmfevYwXE-MymovBVhLhx30TE88JSLpEYW3kzVxu62gK3wHCrYGnbNIAXnEHMfs.2d0StJMZDon6rHyKECQfT8pCizbdlyA8H4yJWbWDvgY&dib_tag=se&keywords=laptop&qid=1777861479&sr=8-18,,,2026-05-04
19,B09VRX9YVW,,,"HP 14"" HD Laptop, Windows 11, Intel Celeron Dual-Core Processor Up to 2.60GHz, 4GB RAM, 64GB SSD, Webcam, Dale Pink (Renewed)",https://www.amazon.com/HP-14-Laptop-Dual-Core-Processor/dp/B09VRX9YVW/ref=sr_1_19?dib=eyJ2IjoiMSJ9.lwZ-bi30GTTDcQuB3vGa_fA7HTraCSNupN6lRUgv4_LmW_jzi8r3B6Azkp1nrzj5QMErdYaoapRz6oqEkGG0va9DvMHaxsdBVWwPWqRn91cn3MPtswHPcSJnzmO6DFpypeCnLKrHPEA9nyUAgraGIXPWClItjAR63Yg9J97BfygtwmfevYwXE-MymovBVhLhx30TE88JSLpEYW3kzVxu62gK3wHCrYGnbNIAXnEHMfs.2d0StJMZDon6rHyKECQfT8pCizbdlyA8H4yJWbWDvgY&dib_tag=se&keywords=laptop&qid=1777861479&sr=8-19,https://www.amazon.com/HP-14-Laptop-Dual-Core-Processor/dp/B09VRX9YVW/,https://serpapi.com/search.json?amazon_domain=amazon.com&asin=B09VRX9YVW&device=desktop&engine=amazon_product,https://m.media-amazon.com/images/I/61MGsq1ZVaL._AC_UY218_.jpg,4.3,2900.0,$197.99,197.99,,,,"{'display_size': '14 inches', 'disk_size': '64 GB', 'ram': '4 GB', 'operating_system': 'Windows 11'}","['FREE delivery Fri, May 8', 'Or fastest delivery Tue, May 5']",,,300+ bought in past month,,,,"{'options': [{'position': 1, 'asin': 'B09VRX9YVW', 'title': 'Dale Pink', 'link': 'https://www.amazon.com/HP-14-Laptop-Dual-Core-Processor/dp/B09VRX9YVW/ref=cs_sr_dp_loc_1?dib=eyJ2IjoiMSJ9.lwZ-bi30GTTDcQuB3vGa_fA7HTraCSNupN6lRUgv4_LmW_jzi8r3B6Azkp1nrzj5QMErdYaoapRz6oqEkGG0va9DvMHaxsdBVWwPWqRn91cn3MPtswHPcSJnzmO6DFpypeCnLKrHPEA9nyUAgraGIXPWClItjAR63Yg9J97BfygtwmfevYwXE-MymovBVhLhx30TE88JSLpEYW3kzVxu62gK3wHCrYGnbNIAXnEHMfs.2d0StJMZDon6rHyKECQfT8pCizbdlyA8H4yJWbWDvgY&dib_tag=se&keywords=laptop&qid=1777861479&sr=8-19'}, {'position': 2, 'asin': 'B0BFG18W4R', 'title': 'Silver', 'link': 'https://www.amazon.com/HP-14-Laptop-Dual-Core-Processor/dp/B0BFG18W4R/ref=cs_sr_dp_loc_2?dib=eyJ2IjoiMSJ9.lwZ-bi30GTTDcQuB3vGa_fA7HTraCSNupN6lRUgv4_LmW_jzi8r3B6Azkp1nrzj5QMErdYaoapRz6oqEkGG0va9DvMHaxsdBVWwPWqRn91cn3MPtswHPcSJnzmO6DFpypeCnLKrHPEA9nyUAgraGIXPWClItjAR63Yg9J97BfygtwmfevYwXE-MymovBVhLhx30TE88JSLpEYW3kzVxu62gK3wHCrYGnbNIAXnEHMfs.2d0StJMZDon6rHyKECQfT8pCizbdlyA8H4yJWbWDvgY&dib_tag=se&keywords=laptop&qid=1777861479&sr=8-19'}, {'position': 3, 'asin': 'B0GCCF94ZQ', 'title': 'Blue', 'link': 'https://www.amazon.com/HP-14-Laptop-Dual-Core-Processor/dp/B0GCCF94ZQ/ref=cs_sr_dp_loc_3?dib=eyJ2IjoiMSJ9.lwZ-bi30GTTDcQuB3vGa_fA7HTraCSNupN6lRUgv4_LmW_jzi8r3B6Azkp1nrzj5QMErdYaoapRz6oqEkGG0va9DvMHaxsdBVWwPWqRn91cn3MPtswHPcSJnzmO6DFpypeCnLKrHPEA9nyUAgraGIXPWClItjAR63Yg9J97BfygtwmfevYwXE-MymovBVhLhx30TE88JSLpEYW3kzVxu62gK3wHCrYGnbNIAXnEHMfs.2d0StJMZDon6rHyKECQfT8pCizbdlyA8H4yJWbWDvgY&dib_tag=se&keywords=laptop&qid=1777861479&sr=8-19'}, {'position': 4, 'asin': 'B0GCDMWBV5', 'title': 'Gold', 'link': 'https://www.amazon.com/HP-14-Laptop-Dual-Core-Processor/dp/B0GCDMWBV5/ref=cs_sr_dp_loc_4?dib=eyJ2IjoiMSJ9.lwZ-bi30GTTDcQuB3vGa_fA7HTraCSNupN6lRUgv4_LmW_jzi8r3B6Azkp1nrzj5QMErdYaoapRz6oqEkGG0va9DvMHaxsdBVWwPWqRn91cn3MPtswHPcSJnzmO6DFpypeCnLKrHPEA9nyUAgraGIXPWClItjAR63Yg9J97BfygtwmfevYwXE-MymovBVhLhx30TE88JSLpEYW3kzVxu62gK3wHCrYGnbNIAXnEHMfs.2d0StJMZDon6rHyKECQfT8pCizbdlyA8H4yJWbWDvgY&dib_tag=se&keywords=laptop&qid=1777861479&sr=8-19'}, {'position': 5, 'asin': 'B0GCFHLCMS', 'title': 'White', 'link': 'https://www.amazon.com/HP-14-Laptop-Dual-Core-Processor/dp/B0GCFHLCMS/ref=cs_sr_dp_loc_5?dib=eyJ2IjoiMSJ9.lwZ-bi30GTTDcQuB3vGa_fA7HTraCSNupN6lRUgv4_LmW_jzi8r3B6Azkp1nrzj5QMErdYaoapRz6oqEkGG0va9DvMHaxsdBVWwPWqRn91cn3MPtswHPcSJnzmO6DFpypeCnLKrHPEA9nyUAgraGIXPWClItjAR63Yg9J97BfygtwmfevYwXE-MymovBVhLhx30TE88JSLpEYW3kzVxu62gK3wHCrYGnbNIAXnEHMfs.2d0StJMZDon6rHyKECQfT8pCizbdlyA8H4yJWbWDvgY&dib_tag=se&keywords=laptop&qid=1777861479&sr=8-19'}]}",4 capacities,https://www.amazon.com/HP-14-Laptop-Dual-Core-Processor/dp/B09VRX9YVW/ref=vo_sr_l_dp?dib=eyJ2IjoiMSJ9.lwZ-bi30GTTDcQuB3vGa_fA7HTraCSNupN6lRUgv4_LmW_jzi8r3B6Azkp1nrzj5QMErdYaoapRz6oqEkGG0va9DvMHaxsdBVWwPWqRn91cn3MPtswHPcSJnzmO6DFpypeCnLKrHPEA9nyUAgraGIXPWClItjAR63Yg9J97BfygtwmfevYwXE-MymovBVhLhx30TE88JSLpEYW3kzVxu62gK3wHCrYGnbNIAXnEHMfs.2d0StJMZDon6rHyKECQfT8pCizbdlyA8H4yJWbWDvgY&dib_tag=se&keywords=laptop&qid=1777861479&sr=8-19,,,2026-05-04
20,B0GR6BVYS5,,,"Apple 2026 MacBook Neo 13-inch Laptop with A18 Pro chip: Built for AI and Apple Intelligence, Liquid Retina Display, 8GB Unified Memory, 256GB SSD Storage, 1080p FaceTime HD Camera; Citrus",https://www.amazon.com/Apple-2026-MacBook-13-inch-Laptop/dp/B0GR6BVYS5/ref=sr_1_20?dib=eyJ2IjoiMSJ9.lwZ-bi30GTTDcQuB3vGa_fA7HTraCSNupN6lRUgv4_LmW_jzi8r3B6Azkp1nrzj5QMErdYaoapRz6oqEkGG0va9DvMHaxsdBVWwPWqRn91cn3MPtswHPcSJnzmO6DFpypeCnLKrHPEA9nyUAgraGIXPWClItjAR63Yg9J97BfygtwmfevYwXE-MymovBVhLhx30TE88JSLpEYW3kzVxu62gK3wHCrYGnbNIAXnEHMfs.2d0StJMZDon6rHyKECQfT8pCizbdlyA8H4yJWbWDvgY&dib_tag=se&keywords=laptop&qid=1777861479&sr=8-20,https://www.amazon.com/Apple-2026-MacBook-13-inch-Laptop/dp/B0GR6BVYS5/,https://serpapi.com/search.json?amazon_domain=amazon.com&asin=B0GR6BVYS5&device=desktop&engine=amazon_product,https://m.media-amazon.com/images/I/61yHzuw8VBL._AC_UY218_.jpg,4.7,286.0,$589.99,589.99,,,,"{'display_size': '13 inches', 'disk_size': '256 GB', 'ram': '8 GB', 'operating_system': 'Mac OS'}","['FREE delivery Fri, May 8', 'Or fastest delivery Tomorrow, May 4']",,,2K+ bought in past month,,$560.49 (4+ used & new offers),https://www.amazon.com/gp/offer-listing/B0GR6BVYS5/ref=sr_1_20_olp?keywords=laptop&dib_tag=se&dib=eyJ2IjoiMSJ9.lwZ-bi30GTTDcQuB3vGa_fA7HTraCSNupN6lRUgv4_LmW_jzi8r3B6Azkp1nrzj5QMErdYaoapRz6oqEkGG0va9DvMHaxsdBVWwPWqRn91cn3MPtswHPcSJnzmO6DFpypeCnLKrHPEA9nyUAgraGIXPWClItjAR63Yg9J97BfygtwmfevYwXE-MymovBVhLhx30TE88JSLpEYW3kzVxu62gK3wHCrYGnbNIAXnEHMfs.2d0StJMZDon6rHyKECQfT8pCizbdlyA8H4yJWbWDvgY&qid=1777861479&sr=8-20,"{'more_variants': '+3 other colors/patterns', 'more_variants_link': 'https://www.amazon.com/Apple-2026-MacBook-13-inch-Laptop/dp/B0GR6BVYS5/ref=cs_sr_dp_loc?dib=eyJ2IjoiMSJ9.lwZ-bi30GTTDcQuB3vGa_fA7HTraCSNupN6lRUgv4_LmW_jzi8r3B6Azkp1nrzj5QMErdYaoapRz6oqEkGG0va9DvMHaxsdBVWwPWqRn91cn3MPtswHPcSJnzmO6DFpypeCnLKrHPEA9nyUAgraGIXPWClItjAR63Yg9J97BfygtwmfevYwXE-MymovBVhLhx30TE88JSLpEYW3kzVxu62gK3wHCrYGnbNIAXnEHMfs.2d0StJMZDon6rHyKECQfT8pCizbdlyA8H4yJWbWDvgY&dib_tag=se&keywords=laptop&qid=1777861479&sr=8-20'}",,,,,2026-05-04
21,B0GR1N82GJ,,,"Apple 2026 MacBook Air 15-inch Laptop with M5 chip: Built for AI, 15.3-inch Liquid Retina Display, 16GB Unified Memory, 512GB SSD, 12MP Center Stage Camera, Touch ID, Wi-Fi 7; Starlight",https://www.amazon.com/Apple-2026-MacBook-15-inch-Laptop/dp/B0GR1N82GJ/ref=sr_1_21?dib=eyJ2IjoiMSJ9.lwZ-bi30GTTDcQuB3vGa_fA7HTraCSNupN6lRUgv4_LmW_jzi8r3B6Azkp1nrzj5QMErdYaoapRz6oqEkGG0va9DvMHaxsdBVWwPWqRn91cn3MPtswHPcSJnzmO6DFpypeCnLKrHPEA9nyUAgraGIXPWClItjAR63Yg9J97BfygtwmfevYwXE-MymovBVhLhx30TE88JSLpEYW3kzVxu62gK3wHCrYGnbNIAXnEHMfs.2d0StJMZDon6rHyKECQfT8pCizbdlyA8H4yJWbWDvgY&dib_tag=se&keywords=laptop&qid=1777861479&sr=8-21,https://www.amazon.com/Apple-2026-MacBook-15-inch-Laptop/dp/B0GR1N82GJ/,https://serpapi.com/search.json?amazon_domain=amazon.com&asin=B0GR1N82GJ&device=desktop&engine=amazon_product,https://m.media-amazon.com/images/I/71KDwOe39jL._AC_UY218_.jpg,4.6,92.0,"$1,149.00",1149.0,"$1,299.00",1299.0,,"{'display_size': '15.3 inches', 'disk_size': '512 GB', 'ram': '16 GB', 'operating_system': 'Mac OS'}","['FREE delivery Fri, May 8', 'Or fastest delivery Tomorrow, May 4']",,,1K+ bought in past month,,"$1,091.55 (6+ used & new offers)",https://www.amazon.com/gp/offer-listing/B0GR1N82GJ/ref=sr_1_21_olp?keywords=laptop&dib_tag=se&dib=eyJ2IjoiMSJ9.lwZ-bi30GTTDcQuB3vGa_fA7HTraCSNupN6lRUgv4_LmW_jzi8r3B6Azkp1nrzj5QMErdYaoapRz6oqEkGG0va9DvMHaxsdBVWwPWqRn91cn3MPtswHPcSJnzmO6DFpypeCnLKrHPEA9nyUAgraGIXPWClItjAR63Yg9J97BfygtwmfevYwXE-MymovBVhLhx30TE88JSLpEYW3kzVxu62gK3wHCrYGnbNIAXnEHMfs.2d0StJMZDon6rHyKECQfT8pCizbdlyA8H4yJWbWDvgY&qid=1777861479&sr=8-21,,3 capacities,https://www.amazon.com/Apple-2026-MacBook-15-inch-Laptop/dp/B0GR1N82GJ/ref=vo_sr_l_dp?dib=eyJ2IjoiMSJ9.lwZ-bi30GTTDcQuB3vGa_fA7HTraCSNupN6lRUgv4_LmW_jzi8r3B6Azkp1nrzj5QMErdYaoapRz6oqEkGG0va9DvMHaxsdBVWwPWqRn91cn3MPtswHPcSJnzmO6DFpypeCnLKrHPEA9nyUAgraGIXPWClItjAR63Yg9J97BfygtwmfevYwXE-MymovBVhLhx30TE88JSLpEYW3kzVxu62gK3wHCrYGnbNIAXnEHMfs.2d0StJMZDon6rHyKECQfT8pCizbdlyA8H4yJWbWDvgY&dib_tag=se&keywords=laptop&qid=1777861479&sr=8-21,,,2026-05-04
22,B0GN28FYH4,True,['Limited time deal'],"NIMO 15.6"" FHD Laptop, Inter 6-Core i3-1215U 8GB RAM 256GB SSD (Up to 4.4GHz, Beat R5 7520U) Computer with 180° Viewing Wi-Fi 6 Dual Fans 65W Type-C, Portable for Business School and Home Use",https://www.amazon.com/sspa/click?ie=UTF8&spc=MTo2NDIzOTkzMzMyNjU4NTgyOjE3Nzc4NjE0Nzk6c3BfYnRmOjMwMTI1MjM3NzA4MTgwMjo6MDo6&url=%2FNIMO-i3-1215U-Computer-Portable-Business%2Fdp%2FB0GN28FYH4%2Fref%3Dsr_1_22_sspa%3Fdib%3DeyJ2IjoiMSJ9.lwZ-bi30GTTDcQuB3vGa_fA7HTraCSNupN6lRUgv4_LmW_jzi8r3B6Azkp1nrzj5QMErdYaoapRz6oqEkGG0va9DvMHaxsdBVWwPWqRn91cn3MPtswHPcSJnzmO6DFpypeCnLKrHPEA9nyUAgraGIXPWClItjAR63Yg9J97BfygtwmfevYwXE-MymovBVhLhx30TE88JSLpEYW3kzVxu62gK3wHCrYGnbNIAXnEHMfs.2d0StJMZDon6rHyKECQfT8pCizbdlyA8H4yJWbWDvgY%26dib_tag%3Dse%26keywords%3Dlaptop%26qid%3D1777861479%26sr%3D8-22-spons%26sp_csd%3Dd2lkZ2V0TmFtZT1zcF9idGY%26psc%3D1,https://www.amazon.com/dp/B0GN28FYH4/,https://serpapi.com/search.json?amazon_domain=amazon.com&asin=B0GN28FYH4&device=desktop&engine=amazon_product,https://m.media-amazon.com/images/I/71Bl5K3dAAL._AC_UY218_.jpg,4.6,17.0,$349.99,349.99,$599.99,599.99,Save 5% with coupon,"{'display_size': '15.60 inches', 'disk_size': '256 GB', 'ram': '16.00 GB', 'operating_system': 'Windows 11'}","['FREE delivery Thu, May 7', 'Or fastest delivery Tue, May 5']",True,"[{'position': 1, 'name': 'Recycled materials', 'snippet': 'Contains at least 50% recycled material.', 'thumbnail': 'https://m.media-amazon.com/images/I/51IhSrucIyL._SS200_.png', 'certified_by': 'Global Recycled Standard', 'certified_info': 'Global Recycled Standard (GRS) certified products contain recycled content that has been independently verified at each stage of the supply chain, from the source to the final product and meet social, environmental, and chemical requirements. The purchase of Global Recycled Standard (GRS) certified products supports the use of recycled content in the supply chain. A product must contain at least 50% certified GRS material to qualify for inclusion in Climate Pledge Friendly.'}, {'position': 2, 'name': 'Safer chemicals', 'snippet': 'Made with chemicals safer for human health and the environment.', 'thumbnail': 'https://m.media-amazon.com/images/I/51IhSrucIyL._SS200_.png', 'certified_by': 'Global Recycled Standard', 'certified_info': 'Global Recycled Standard (GRS) certified products contain recycled content that has been independently verified at each stage of the supply chain, from the source to the final product and meet social, environmental, and chemical requirements. The purchase of Global Recycled Standard (GRS) certified products supports the use of recycled content in the supply chain. A product must contain at least 50% certified GRS material to qualify for inclusion in Climate Pledge Friendly.'}, {'position': 3, 'name': 'Worker well-being', 'snippet': 'Manufactured on farms or in facilities that protect the rights and/or health of workers.', 'thumbnail': 'https://m.media-amazon.com/images/I/51IhSrucIyL._SS200_.png', 'certified_by': 'Global Recycled Standard', 'certified_info': 'Global Recycled Standard (GRS) certified products contain recycled content that has been independently verified at each stage of the supply chain, from the source to the final product and meet social, environmental, and chemical requirements. The purchase of Global Recycled Standard (GRS) certified products supports the use of recycled content in the supply chain. A product must contain at least 50% certified GRS material to qualify for inclusion in Climate Pledge Friendly.'}]",,,,,"{'more_variants': '+1 other color/pattern', 'more_variants_link': 'https://www.amazon.com/sspa/click?ie=UTF8&spc=MTo2NDIzOTkzMzMyNjU4NTgyOjE3Nzc4NjE0Nzk6c3BfYnRmOjMwMTI1MjM3NzA4MTgwMjo6MDo6&url=%2FNIMO-i3-1215U-Computer-Portable-Business%2Fdp%2FB0GN28FYH4%2Fref%3Dsr_1_22_sspa%3Fdib%3DeyJ2IjoiMSJ9.lwZ-bi30GTTDcQuB3vGa_fA7HTraCSNupN6lRUgv4_LmW_jzi8r3B6Azkp1nrzj5QMErdYaoapRz6oqEkGG0va9DvMHaxsdBVWwPWqRn91cn3MPtswHPcSJnzmO6DFpypeCnLKrHPEA9nyUAgraGIXPWClItjAR63Yg9J97BfygtwmfevYwXE-MymovBVhLhx30TE88JSLpEYW3kzVxu62gK3wHCrYGnbNIAXnEHMfs.2d0StJMZDon6rHyKECQfT8pCizbdlyA8H4yJWbWDvgY%26dib_tag%3Dse%26keywords%3Dlaptop%26qid%3D1777861479%26sr%3D8-22-spons%26sp_csd%3Dd2lkZ2V0TmFtZT1zcF9idGY%26psc%3D1'}",,,,,2026-05-04
